{"labels":{"height":1600,"_type":"image-file","sha256":"03a05f43e89c8d87c25116c2f95ee7f509fd99d1ca2644c5e5c60205d3a6be4e","size":96558,"path":"media/images/labels_1_03a05f43e89c8d87c251.jpg","format":"jpg","width":1600},"model/parameters":2590035,"metrics/mAP50(B)":0.40934,"train_batch0":{"format":"jpg","width":1920,"height":1920,"_type":"image-file","sha256":"1a827dcd62b84c5416a03c6b52ecd4525b63dda10e35d7f5248212575f98ff92","size":476823,"path":"media/images/train_batch0_1_1a827dcd62b84c5416a0.jpg"},"model/speed_PyTorch(ms)":16.183,"train_batch2":{"height":1920,"_type":"image-file","sha256":"3d3fd89f4a394bfd4545c9bc708a30b9683d85b7677c0789baa86dfacc1a5d8c","size":416427,"path":"media/images/train_batch2_3_3d3fd89f4a394bfd4545.jpg","format":"jpg","width":1920},"lr/pg0":0.0008183490000000002,"lr/pg2":0.0008183490000000002,"lr/pg1":0.0008183490000000002,"val/cls_loss":2.49576,"_timestamp":1.7515859279613092e+09,"val/box_loss":0.96125,"metrics/precision(B)":0.43686,"_runtime":38.246041137,"val/dfl_loss":1.25512,"metrics/recall(B)":0.3,"train/box_loss":0.73787,"metrics/mAP50-95(B)":0.2878,"_step":58,"train/cls_loss":1.3024,"_wandb":{"runtime":38},"train_batch1":{"height":1920,"_type":"image-file","sha256":"868efe73ccab8e1fdcd7d7e3d2a3a92371278a79d95a736057700e6adb70261b","size":454983,"path":"media/images/train_batch1_2_868efe73ccab8e1fdcd7.jpg","format":"jpg","width":1920},"train/dfl_loss":1.0807,"model/GFLOPs":6.441}